序号,提交答卷时间,所用时间,来源,来源详情,来自IP,1、您的性别,2、您的年龄段,3、您的常住地,4、您是否为澳门大学在读学生,5、您日常刷短视频的频率,6、您是否听说过以下热梗—操/草/我靠/wc,6、老己/爱你老己,6、不知道，我的身材很曼妙～,6、你/我已急哭,6、洗衣粉儿,6、心理委员我不得劲儿,6、我不行了,7、您获取网络热梗的主要渠道有哪些,8、您日常是否会使用以下热梗—操/草/我靠/wc,8、老己/爱你老己,8、不知道，我的身材很曼妙～,8、你/我已急哭,8、洗衣粉儿,8、心理委员我不得劲儿,8、我不行了,9、您通常在哪些场景下会使用网络热梗,10、您认为网络热梗对您的日常交流有何影响
1,2026/3/19 15:35:05,51秒,微信,N/A,202.175.105.116(澳门-澳门半岛),女,18～30岁,中国大陆,是,经常,经常刷/听到,经常刷/听到,有印象,有印象,没听过,没听过,经常刷/听到,短视频平台┋社交软件┋日常交流,有时会用,从来不用,从来不用,从来不用,从来不用,有时会用,经常会用,线下闲聊┋线上私聊（微信、QQ等）,无影响
2,2026/3/19 16:09:20,71秒,微信,N/A,125.31.54.83(澳门-澳门半岛),女,18～30岁,中国大陆,是,经常,经常刷/听到,有印象,有印象,经常刷/听到,有印象,有印象,经常刷/听到,短视频平台┋社交软件┋日常交流,经常会用,从来不用,从来不用,从来不用,从来不用,从来不用,经常会用,线下闲聊┋线上私聊（微信、QQ等）,有积极影响
3,2026/3/19 18:28:28,68秒,微信,N/A,125.31.54.85(澳门-澳门半岛),女,18～30岁,中国大陆,是,有时,经常刷/听到,经常刷/听到,经常刷/听到,经常刷/听到,经常刷/听到,经常刷/听到,经常刷/听到,短视频平台┋社交软件┋日常交流,经常会用,经常会用,有时会用,从来不用,从来不用,经常会用,经常会用,游戏交流┋线下闲聊┋线上私聊（微信、QQ等）┋社交媒体互动（发帖、评论、转发等）,有积极影响
4,2026/3/19 18:43:45,49秒,微信,N/A,117.136.108.62(江西-抚州),女,18～30岁,中国大陆,否,经常,经常刷/听到,经常刷/听到,经常刷/听到,经常刷/听到,经常刷/听到,经常刷/听到,经常刷/听到,短视频平台┋社交软件┋日常交流┋综艺节目,有时会用,从来不用,从来不用,有时会用,从来不用,经常会用,经常会用,游戏交流┋线下闲聊┋线上私聊（微信、QQ等）┋社交媒体互动（发帖、评论、转发等）,有积极影响
5,2026/3/19 18:46:15,61秒,微信,N/A,113.52.109.51(澳门-未知),女,18～30岁,中国大陆,是,经常,经常刷/听到,经常刷/听到,经常刷/听到,经常刷/听到,经常刷/听到,经常刷/听到,经常刷/听到,短视频平台┋社交软件┋日常交流,经常会用,有时会用,从来不用,有时会用,从来不用,有时会用,经常会用,游戏交流┋线下闲聊┋线上私聊（微信、QQ等）┋特殊场合（体育赛事、演唱会等）┋社交媒体互动（发帖、评论、转发等）,有负面影响
6,2026/3/19 18:46:48,48秒,微信,N/A,36.112.206.34(北京-北京),女,18～30岁,中国大陆,否,经常,经常刷/听到,经常刷/听到,没听过,没听过,没听过,没听过,经常刷/听到,短视频平台┋新闻资讯,从来不用,从来不用,从来不用,从来不用,从来不用,从来不用,有时会用,线下闲聊,无影响
7,2026/3/19 18:47:42,41秒,微信,N/A,149.102.98.51(澳门-未知),女,18～30岁,中国大陆,是,经常,经常刷/听到,经常刷/听到,经常刷/听到,经常刷/听到,经常刷/听到,经常刷/听到,经常刷/听到,短视频平台┋社交软件┋日常交流┋综艺节目,经常会用,经常会用,从来不用,从来不用,有时会用,经常会用,经常会用,游戏交流┋线下闲聊┋线上私聊（微信、QQ等）┋社交媒体互动（发帖、评论、转发等）,有负面影响
8,2026/3/19 18:48:18,45秒,微信,N/A,120.230.97.163(广东-广州),女,18岁以下,中国大陆,否,经常,经常刷/听到,经常刷/听到,经常刷/听到,经常刷/听到,经常刷/听到,经常刷/听到,经常刷/听到,短视频平台┋社交软件┋日常交流,经常会用,经常会用,经常会用,经常会用,经常会用,经常会用,经常会用,工作沟通┋游戏交流┋线下闲聊┋线上私聊（微信、QQ等）┋特殊场合（体育赛事、演唱会等）┋社交媒体互动（发帖、评论、转发等）,有积极影响
9,2026/3/19 18:48:58,47秒,微信,N/A,202.175.67.186(澳门-未知),男,18～30岁,中国大陆,是,经常,经常刷/听到,经常刷/听到,经常刷/听到,经常刷/听到,没听过,经常刷/听到,经常刷/听到,短视频平台┋社交软件┋日常交流,经常会用,从来不用,从来不用,从来不用,从来不用,有时会用,经常会用,工作沟通┋游戏交流┋线下闲聊┋线上私聊（微信、QQ等）,无影响
10,2026/3/19 18:49:42,120秒,微信,N/A,223.73.72.145(广东-珠海),女,18～30岁,中国大陆,否,有时,经常刷/听到,经常刷/听到,经常刷/听到,经常刷/听到,有印象,经常刷/听到,经常刷/听到,短视频平台┋社交软件┋日常交流,有时会用,有时会用,从来不用,有时会用,从来不用,从来不用,经常会用,工作沟通┋线上私聊（微信、QQ等）┋特殊场合（体育赛事、演唱会等）┋社交媒体互动（发帖、评论、转发等）,有积极影响
11,2026/3/19 18:50:37,47秒,微信,N/A,183.36.237.195(广东-广州),女,18～30岁,中国大陆,否,经常,经常刷/听到,经常刷/听到,经常刷/听到,经常刷/听到,没听过,经常刷/听到,经常刷/听到,短视频平台┋社交软件┋日常交流┋综艺节目,经常会用,从来不用,从来不用,经常会用,从来不用,有时会用,经常会用,游戏交流┋线上私聊（微信、QQ等）,无影响
12,2026/3/19 18:51:45,53秒,微信,N/A,202.175.67.183(澳门-未知),女,18～30岁,中国大陆,是,经常,经常刷/听到,经常刷/听到,经常刷/听到,经常刷/听到,经常刷/听到,经常刷/听到,经常刷/听到,短视频平台┋社交软件┋日常交流┋综艺节目,有时会用,有时会用,从来不用,从来不用,有时会用,从来不用,经常会用,游戏交流┋线下闲聊┋线上私聊（微信、QQ等）,无影响
13,2026/3/19 18:52:46,85秒,微信,N/A,103.143.93.141(澳门-未知),女,18～30岁,中国大陆,是,经常,经常刷/听到,经常刷/听到,经常刷/听到,经常刷/听到,经常刷/听到,经常刷/听到,经常刷/听到,短视频平台┋社交软件,从来不用,有时会用,从来不用,有时会用,从来不用,有时会用,经常会用,线下闲聊┋线上私聊（微信、QQ等）┋社交媒体互动（发帖、评论、转发等）,有负面影响
14,2026/3/19 18:55:13,59秒,微信,N/A,125.31.54.85(澳门-澳门半岛),女,18～30岁,中国大陆,是,经常,经常刷/听到,经常刷/听到,经常刷/听到,经常刷/听到,有印象,经常刷/听到,经常刷/听到,短视频平台┋社交软件┋日常交流,经常会用,经常会用,经常会用,经常会用,从来不用,经常会用,经常会用,游戏交流┋线下闲聊┋线上私聊（微信、QQ等）┋特殊场合（体育赛事、演唱会等）┋社交媒体互动（发帖、评论、转发等）,无影响
15,2026/3/19 18:57:29,91秒,微信,N/A,103.143.93.39(澳门-未知),女,18～30岁,中国大陆,是,经常,经常刷/听到,经常刷/听到,经常刷/听到,经常刷/听到,经常刷/听到,经常刷/听到,经常刷/听到,短视频平台┋社交软件┋日常交流,经常会用,有时会用,从来不用,有时会用,有时会用,从来不用,经常会用,游戏交流┋线下闲聊┋线上私聊（微信、QQ等）┋社交媒体互动（发帖、评论、转发等）,无影响
16,2026/3/19 18:57:35,33秒,微信,N/A,183.46.197.153(广东-汕头),男,18～30岁,中国大陆,否,有时,经常刷/听到,经常刷/听到,经常刷/听到,经常刷/听到,没听过,经常刷/听到,经常刷/听到,短视频平台┋社交软件┋日常交流,经常会用,经常会用,从来不用,从来不用,从来不用,有时会用,经常会用,游戏交流┋线下闲聊┋线上私聊（微信、QQ等）,无影响
17,2026/3/19 18:59:33,81秒,微信,N/A,149.102.98.27(澳门-未知),女,18～30岁,中国大陆,是,有时,经常刷/听到,有印象,有印象,经常刷/听到,没听过,有印象,经常刷/听到,短视频平台┋社交软件┋日常交流,有时会用,从来不用,从来不用,有时会用,从来不用,有时会用,有时会用,游戏交流┋线上私聊（微信、QQ等）,有负面影响
18,2026/3/19 18:59:34,37秒,微信,N/A,223.104.85.146(广东-珠海),女,18～30岁,中国大陆,是,经常,经常刷/听到,经常刷/听到,经常刷/听到,经常刷/听到,经常刷/听到,经常刷/听到,经常刷/听到,短视频平台┋日常交流,从来不用,经常会用,从来不用,经常会用,从来不用,从来不用,经常会用,线下闲聊┋线上私聊（微信、QQ等）┋社交媒体互动（发帖、评论、转发等）,有负面影响
19,2026/3/19 19:02:05,53秒,微信,N/A,149.102.98.201(澳门-未知),女,18～30岁,中国大陆,是,经常,经常刷/听到,经常刷/听到,经常刷/听到,经常刷/听到,经常刷/听到,经常刷/听到,经常刷/听到,短视频平台┋日常交流┋综艺节目,经常会用,经常会用,从来不用,有时会用,有时会用,有时会用,经常会用,线下闲聊┋线上私聊（微信、QQ等）┋社交媒体互动（发帖、评论、转发等）,有积极影响
20,2026/3/19 19:05:16,74秒,微信,N/A,161.29.17.202(国外-新西兰),女,18～30岁,其他国家,否,经常,经常刷/听到,经常刷/听到,经常刷/听到,经常刷/听到,经常刷/听到,经常刷/听到,经常刷/听到,短视频平台┋社交软件┋日常交流,经常会用,有时会用,有时会用,有时会用,有时会用,有时会用,经常会用,游戏交流┋线上私聊（微信、QQ等）┋社交媒体互动（发帖、评论、转发等）,无影响
21,2026/3/19 19:06:03,91秒,微信,N/A,202.175.67.187(澳门-未知),女,18～30岁,港澳台地区,是,经常,经常刷/听到,经常刷/听到,经常刷/听到,经常刷/听到,没听过,经常刷/听到,经常刷/听到,短视频平台┋日常交流,从来不用,从来不用,有时会用,从来不用,从来不用,有时会用,经常会用,线下闲聊┋社交媒体互动（发帖、评论、转发等）,有积极影响
22,2026/3/19 19:10:08,36秒,微信,N/A,120.211.174.92(河北-衡水),女,18～30岁,中国大陆,否,经常,经常刷/听到,经常刷/听到,经常刷/听到,有印象,经常刷/听到,经常刷/听到,经常刷/听到,短视频平台┋社交软件┋日常交流,有时会用,从来不用,从来不用,从来不用,从来不用,从来不用,有时会用,线下闲聊┋线上私聊（微信、QQ等）,有积极影响
23,2026/3/19 19:11:52,57秒,微信,N/A,202.175.67.180(澳门-未知),女,18～30岁,中国大陆,是,有时,经常刷/听到,经常刷/听到,经常刷/听到,有印象,没听过,经常刷/听到,经常刷/听到,短视频平台┋社交软件┋日常交流,有时会用,有时会用,从来不用,从来不用,从来不用,有时会用,经常会用,游戏交流┋线下闲聊┋线上私聊（微信、QQ等）┋社交媒体互动（发帖、评论、转发等）,无影响
24,2026/3/19 19:12:32,83秒,微信,N/A,14.145.14.248(广东-广州),女,18～30岁,中国大陆,否,经常,经常刷/听到,经常刷/听到,经常刷/听到,经常刷/听到,没听过,经常刷/听到,经常刷/听到,短视频平台┋社交软件┋日常交流┋综艺节目,经常会用,从来不用,从来不用,从来不用,从来不用,从来不用,有时会用,游戏交流┋线下闲聊┋线上私聊（微信、QQ等）┋特殊场合（体育赛事、演唱会等）,无影响
25,2026/3/19 19:18:30,44秒,微信,N/A,58.249.112.39(广东-广州),女,18～30岁,中国大陆,否,经常,经常刷/听到,经常刷/听到,经常刷/听到,经常刷/听到,没听过,经常刷/听到,经常刷/听到,短视频平台┋社交软件┋新闻资讯┋日常交流┋综艺节目┋其他,有时会用,从来不用,从来不用,从来不用,从来不用,从来不用,经常会用,游戏交流┋线下闲聊┋线上私聊（微信、QQ等）,有积极影响
26,2026/3/19 19:20:25,48秒,微信,N/A,223.160.224.185(广东-深圳),女,18～30岁,中国大陆,否,有时,经常刷/听到,经常刷/听到,经常刷/听到,经常刷/听到,经常刷/听到,经常刷/听到,经常刷/听到,短视频平台┋社交软件┋日常交流,有时会用,经常会用,有时会用,有时会用,有时会用,经常会用,经常会用,游戏交流┋线下闲聊┋线上私聊（微信、QQ等）,无影响
27,2026/3/19 19:24:15,59秒,微信,N/A,148.252.148.179(国外-英国),女,18～30岁,其他国家,否,经常,有印象,经常刷/听到,经常刷/听到,有印象,有印象,经常刷/听到,经常刷/听到,短视频平台┋社交软件┋日常交流,有时会用,有时会用,从来不用,从来不用,从来不用,有时会用,经常会用,线下闲聊┋线上私聊（微信、QQ等）┋社交媒体互动（发帖、评论、转发等）,无影响
28,2026/3/19 19:27:06,46秒,微信,N/A,202.175.67.215(澳门-未知),女,18～30岁,中国大陆,是,经常,经常刷/听到,经常刷/听到,经常刷/听到,有印象,没听过,有印象,经常刷/听到,短视频平台┋社交软件┋日常交流,从来不用,从来不用,从来不用,从来不用,从来不用,从来不用,有时会用,线下闲聊┋线上私聊（微信、QQ等）┋社交媒体互动（发帖、评论、转发等）,有积极影响
29,2026/3/19 19:27:56,41秒,微信,N/A,113.119.28.252(广东-广州),女,18岁以下,中国大陆,否,经常,经常刷/听到,经常刷/听到,经常刷/听到,经常刷/听到,经常刷/听到,经常刷/听到,经常刷/听到,短视频平台┋社交软件┋新闻资讯┋日常交流┋综艺节目,经常会用,经常会用,经常会用,经常会用,经常会用,经常会用,经常会用,工作沟通┋游戏交流┋线下闲聊┋线上私聊（微信、QQ等）┋特殊场合（体育赛事、演唱会等）┋社交媒体互动（发帖、评论、转发等）,无影响
30,2026/3/19 19:28:31,41秒,微信,N/A,202.175.105.114(澳门-澳门半岛),女,18～30岁,其他国家,是,有时,经常刷/听到,没听过,没听过,没听过,没听过,没听过,经常刷/听到,短视频平台┋社交软件,有时会用,从来不用,从来不用,从来不用,从来不用,从来不用,从来不用,线下闲聊┋线上私聊（微信、QQ等）,有负面影响
31,2026/3/19 19:34:03,42秒,微信,N/A,125.31.54.166(澳门-澳门半岛),女,18～30岁,港澳台地区,是,经常,经常刷/听到,经常刷/听到,经常刷/听到,没听过,没听过,经常刷/听到,经常刷/听到,短视频平台,从来不用,从来不用,从来不用,从来不用,从来不用,从来不用,从来不用,其他〖我不會使用〗,有负面影响
32,2026/3/19 19:34:16,60秒,微信,N/A,202.175.105.117(澳门-澳门半岛),男,18～30岁,中国大陆,是,经常,经常刷/听到,经常刷/听到,经常刷/听到,经常刷/听到,没听过,有印象,经常刷/听到,短视频平台┋社交软件┋日常交流┋综艺节目,经常会用,有时会用,从来不用,经常会用,从来不用,从来不用,经常会用,游戏交流┋线下闲聊┋线上私聊（微信、QQ等）,有积极影响
33,2026/3/19 19:34:17,60秒,微信,N/A,149.102.98.197(澳门-未知),女,18～30岁,港澳台地区,是,经常,经常刷/听到,经常刷/听到,经常刷/听到,经常刷/听到,经常刷/听到,经常刷/听到,经常刷/听到,短视频平台┋社交软件┋日常交流,经常会用,有时会用,从来不用,从来不用,从来不用,有时会用,经常会用,线上私聊（微信、QQ等）┋社交媒体互动（发帖、评论、转发等）,有积极影响
34,2026/3/19 19:34:24,61秒,微信,N/A,202.175.67.55(澳门-未知),男,18～30岁,中国大陆,是,经常,经常刷/听到,有印象,有印象,经常刷/听到,没听过,经常刷/听到,经常刷/听到,短视频平台┋社交软件,有时会用,从来不用,从来不用,有时会用,从来不用,有时会用,经常会用,游戏交流┋线上私聊（微信、QQ等）┋社交媒体互动（发帖、评论、转发等）,无影响
35,2026/3/19 19:34:35,57秒,微信,N/A,202.175.67.50(澳门-未知),男,18～30岁,中国大陆,是,经常,经常刷/听到,经常刷/听到,有印象,经常刷/听到,没听过,有印象,经常刷/听到,短视频平台┋社交软件,有时会用,从来不用,从来不用,有时会用,从来不用,从来不用,有时会用,游戏交流┋线下闲聊┋线上私聊（微信、QQ等）,无影响
36,2026/3/19 19:34:37,75秒,微信,N/A,125.31.54.167(澳门-澳门半岛),女,18～30岁,中国大陆,是,经常,经常刷/听到,经常刷/听到,经常刷/听到,经常刷/听到,经常刷/听到,经常刷/听到,经常刷/听到,短视频平台┋社交软件┋日常交流┋综艺节目,有时会用,经常会用,经常会用,有时会用,经常会用,经常会用,经常会用,游戏交流┋线下闲聊┋线上私聊（微信、QQ等）┋社交媒体互动（发帖、评论、转发等）,无影响
37,2026/3/19 19:34:38,26秒,微信,N/A,202.175.67.218(澳门-未知),男,18～30岁,中国大陆,是,经常,经常刷/听到,经常刷/听到,经常刷/听到,经常刷/听到,经常刷/听到,经常刷/听到,经常刷/听到,短视频平台,从来不用,从来不用,从来不用,从来不用,从来不用,从来不用,从来不用,其他,无影响
38,2026/3/19 19:34:46,108秒,微信,N/A,183.220.91.101(四川-成都),男,30岁以上,中国大陆,否,有时,经常刷/听到,没听过,没听过,有印象,没听过,没听过,有印象,短视频平台┋社交软件,有时会用,从来不用,从来不用,从来不用,从来不用,从来不用,有时会用,线下闲聊┋线上私聊（微信、QQ等）,无影响
39,2026/3/19 19:34:51,86秒,微信,N/A,202.175.105.117(澳门-澳门半岛),女,18～30岁,中国大陆,是,经常,经常刷/听到,经常刷/听到,经常刷/听到,经常刷/听到,经常刷/听到,经常刷/听到,经常刷/听到,短视频平台┋社交软件┋日常交流┋综艺节目,有时会用,有时会用,从来不用,有时会用,有时会用,有时会用,有时会用,游戏交流┋线下闲聊┋线上私聊（微信、QQ等）┋社交媒体互动（发帖、评论、转发等）,无影响
40,2026/3/19 19:34:51,67秒,微信,N/A,202.175.105.117(澳门-澳门半岛),男,18～30岁,中国大陆,是,经常,经常刷/听到,经常刷/听到,经常刷/听到,经常刷/听到,经常刷/听到,经常刷/听到,经常刷/听到,短视频平台┋社交软件┋新闻资讯┋日常交流┋综艺节目┋其他,经常会用,经常会用,经常会用,经常会用,经常会用,经常会用,经常会用,工作沟通┋游戏交流┋线下闲聊┋线上私聊（微信、QQ等）┋特殊场合（体育赛事、演唱会等）┋社交媒体互动（发帖、评论、转发等）┋其他,有积极影响
41,2026/3/19 19:36:06,57秒,微信,N/A,149.102.98.202(澳门-未知),男,18～30岁,中国大陆,是,经常,经常刷/听到,经常刷/听到,有印象,经常刷/听到,有印象,经常刷/听到,有印象,短视频平台┋日常交流,经常会用,从来不用,从来不用,有时会用,从来不用,有时会用,从来不用,游戏交流┋线上私聊（微信、QQ等）┋社交媒体互动（发帖、评论、转发等）,有负面影响
42,2026/3/19 19:37:35,43秒,微信,N/A,202.175.67.182(澳门-未知),女,18～30岁,中国大陆,是,经常,经常刷/听到,经常刷/听到,经常刷/听到,经常刷/听到,经常刷/听到,经常刷/听到,经常刷/听到,短视频平台┋社交软件┋日常交流,经常会用,经常会用,从来不用,经常会用,有时会用,有时会用,经常会用,线上私聊（微信、QQ等）┋社交媒体互动（发帖、评论、转发等）,无影响
43,2026/3/19 19:37:53,50秒,微信,N/A,103.143.93.131(澳门-未知),女,18～30岁,中国大陆,是,经常,经常刷/听到,经常刷/听到,经常刷/听到,没听过,没听过,经常刷/听到,经常刷/听到,短视频平台┋社交软件,从来不用,从来不用,从来不用,从来不用,从来不用,从来不用,有时会用,线上私聊（微信、QQ等）,无影响
44,2026/3/19 19:38:01,195秒,微信,N/A,182.93.57.130(澳门-未知),女,18～30岁,港澳台地区,是,经常,经常刷/听到,经常刷/听到,经常刷/听到,经常刷/听到,经常刷/听到,经常刷/听到,经常刷/听到,短视频平台┋社交软件┋日常交流,经常会用,有时会用,从来不用,从来不用,从来不用,从来不用,经常会用,游戏交流┋线下闲聊┋线上私聊（微信、QQ等）,有积极影响
45,2026/3/19 19:39:44,38秒,微信,N/A,125.31.54.167(澳门-澳门半岛),女,18～30岁,中国大陆,是,经常,经常刷/听到,经常刷/听到,经常刷/听到,经常刷/听到,经常刷/听到,经常刷/听到,经常刷/听到,短视频平台┋社交软件┋日常交流┋综艺节目,经常会用,经常会用,有时会用,有时会用,从来不用,经常会用,经常会用,游戏交流┋线下闲聊┋线上私聊（微信、QQ等）┋社交媒体互动（发帖、评论、转发等）,无影响
46,2026/3/19 19:40:00,32秒,微信,N/A,202.175.105.121(澳门-澳门半岛),女,18～30岁,中国大陆,是,经常,有印象,经常刷/听到,有印象,有印象,有印象,有印象,有印象,短视频平台,从来不用,从来不用,从来不用,从来不用,从来不用,从来不用,从来不用,社交媒体互动（发帖、评论、转发等）,无影响
47,2026/3/19 19:45:07,47秒,微信,N/A,202.175.105.114(澳门-澳门半岛),男,18～30岁,中国大陆,是,经常,经常刷/听到,经常刷/听到,经常刷/听到,经常刷/听到,有印象,经常刷/听到,经常刷/听到,短视频平台┋社交软件┋日常交流,经常会用,有时会用,从来不用,经常会用,从来不用,有时会用,有时会用,游戏交流┋线下闲聊┋线上私聊（微信、QQ等）,无影响
48,2026/3/19 19:45:58,50秒,微信,N/A,103.143.93.120(澳门-未知),男,18～30岁,中国大陆,是,经常,经常刷/听到,经常刷/听到,经常刷/听到,经常刷/听到,没听过,经常刷/听到,经常刷/听到,短视频平台┋社交软件┋日常交流,有时会用,从来不用,从来不用,从来不用,从来不用,有时会用,有时会用,工作沟通┋游戏交流┋线上私聊（微信、QQ等）┋社交媒体互动（发帖、评论、转发等）,有积极影响
49,2026/3/19 19:46:42,71秒,微信,N/A,125.31.54.87(澳门-澳门半岛),女,18～30岁,中国大陆,是,几乎不,经常刷/听到,有印象,有印象,有印象,没听过,有印象,有印象,日常交流,从来不用,从来不用,从来不用,从来不用,从来不用,从来不用,从来不用,其他〖不用〗,无影响
50,2026/3/19 19:47:35,77秒,微信,N/A,149.102.98.149(澳门-未知),男,18～30岁,港澳台地区,是,经常,经常刷/听到,有印象,经常刷/听到,经常刷/听到,没听过,经常刷/听到,经常刷/听到,短视频平台┋社交软件┋日常交流,经常会用,从来不用,有时会用,经常会用,从来不用,有时会用,经常会用,游戏交流┋线下闲聊┋线上私聊（微信、QQ等）,无影响
51,2026/3/19 19:47:36,82秒,微信,N/A,202.175.67.187(澳门-未知),男,18～30岁,中国大陆,是,经常,经常刷/听到,经常刷/听到,没听过,经常刷/听到,有印象,经常刷/听到,经常刷/听到,短视频平台┋社交软件,经常会用,从来不用,从来不用,有时会用,从来不用,从来不用,从来不用,游戏交流┋线下闲聊┋线上私聊（微信、QQ等）,有积极影响
52,2026/3/19 19:49:47,44秒,微信,N/A,202.175.67.183(澳门-未知),男,18～30岁,中国大陆,是,经常,经常刷/听到,有印象,有印象,经常刷/听到,没听过,经常刷/听到,经常刷/听到,短视频平台┋社交软件┋日常交流,经常会用,从来不用,从来不用,从来不用,从来不用,从来不用,经常会用,游戏交流┋线下闲聊┋线上私聊（微信、QQ等）┋社交媒体互动（发帖、评论、转发等）,无影响
53,2026/3/19 19:50:24,112秒,微信,N/A,183.9.196.176(广东-揭阳),男,18～30岁,中国大陆,否,经常,经常刷/听到,经常刷/听到,经常刷/听到,经常刷/听到,没听过,经常刷/听到,经常刷/听到,短视频平台,经常会用,从来不用,从来不用,有时会用,从来不用,有时会用,经常会用,游戏交流┋线下闲聊┋线上私聊（微信、QQ等）┋社交媒体互动（发帖、评论、转发等）,有积极影响
54,2026/3/19 19:50:25,92秒,微信,N/A,103.143.93.144(澳门-未知),女,18～30岁,港澳台地区,是,有时,经常刷/听到,有印象,经常刷/听到,有印象,没听过,有印象,经常刷/听到,短视频平台┋社交软件┋日常交流,经常会用,从来不用,从来不用,从来不用,从来不用,从来不用,有时会用,游戏交流┋线下闲聊┋线上私聊（微信、QQ等）┋特殊场合（体育赛事、演唱会等）,有负面影响
55,2026/3/19 19:52:36,54秒,微信,N/A,149.102.98.194(澳门-未知),男,18～30岁,中国大陆,是,经常,经常刷/听到,经常刷/听到,经常刷/听到,经常刷/听到,没听过,经常刷/听到,经常刷/听到,短视频平台┋社交软件┋日常交流,经常会用,有时会用,有时会用,经常会用,从来不用,有时会用,经常会用,游戏交流┋线下闲聊┋线上私聊（微信、QQ等）,无影响
56,2026/3/19 19:55:30,89秒,微信,N/A,149.102.98.149(澳门-未知),男,18～30岁,港澳台地区,是,经常,经常刷/听到,有印象,有印象,有印象,没听过,没听过,经常刷/听到,短视频平台┋社交软件┋新闻资讯┋日常交流┋综艺节目,有时会用,从来不用,从来不用,从来不用,从来不用,从来不用,有时会用,线下闲聊,有负面影响
57,2026/3/19 19:55:49,972秒,微信,N/A,103.143.92.40(澳门-未知),女,18～30岁,中国大陆,是,有时,经常刷/听到,经常刷/听到,经常刷/听到,经常刷/听到,经常刷/听到,经常刷/听到,经常刷/听到,短视频平台┋综艺节目,有时会用,有时会用,有时会用,有时会用,有时会用,有时会用,经常会用,线下闲聊┋线上私聊（微信、QQ等）,无影响
58,2026/3/19 19:56:59,62秒,微信,N/A,149.102.98.200(澳门-未知),女,18～30岁,中国大陆,是,经常,经常刷/听到,经常刷/听到,经常刷/听到,经常刷/听到,经常刷/听到,经常刷/听到,经常刷/听到,短视频平台┋社交软件┋日常交流,经常会用,从来不用,从来不用,从来不用,从来不用,从来不用,有时会用,线下闲聊┋线上私聊（微信、QQ等）,有负面影响
59,2026/3/19 19:58:54,39秒,微信,N/A,103.143.92.59(澳门-未知),男,18岁以下,港澳台地区,是,经常,经常刷/听到,经常刷/听到,经常刷/听到,经常刷/听到,有印象,经常刷/听到,经常刷/听到,短视频平台┋社交软件,经常会用,经常会用,经常会用,经常会用,有时会用,经常会用,经常会用,工作沟通┋线下闲聊┋线上私聊（微信、QQ等）,有积极影响
60,2026/3/19 20:00:37,45秒,微信,N/A,14.24.195.16(广东-广州),女,18～30岁,中国大陆,是,经常,经常刷/听到,经常刷/听到,经常刷/听到,经常刷/听到,经常刷/听到,经常刷/听到,经常刷/听到,短视频平台┋社交软件┋日常交流,经常会用,有时会用,有时会用,经常会用,从来不用,有时会用,经常会用,工作沟通┋游戏交流┋线下闲聊┋线上私聊（微信、QQ等）┋特殊场合（体育赛事、演唱会等）┋社交媒体互动（发帖、评论、转发等）,有积极影响
61,2026/3/19 20:05:12,73秒,微信,N/A,202.175.67.217(澳门-未知),男,18～30岁,中国大陆,是,经常,经常刷/听到,经常刷/听到,经常刷/听到,经常刷/听到,经常刷/听到,经常刷/听到,经常刷/听到,短视频平台┋社交软件┋日常交流┋综艺节目,经常会用,有时会用,有时会用,有时会用,有时会用,有时会用,经常会用,工作沟通┋游戏交流┋线下闲聊┋线上私聊（微信、QQ等）┋社交媒体互动（发帖、评论、转发等）,有负面影响
62,2026/3/19 20:05:13,54秒,微信,N/A,202.175.67.52(澳门-未知),女,18～30岁,中国大陆,是,经常,经常刷/听到,经常刷/听到,没听过,经常刷/听到,没听过,经常刷/听到,经常刷/听到,短视频平台┋社交软件┋日常交流,经常会用,有时会用,从来不用,从来不用,从来不用,从来不用,有时会用,线下闲聊┋线上私聊（微信、QQ等）,有积极影响
63,2026/3/19 20:07:04,48秒,微信,N/A,149.102.98.201(澳门-未知),女,18～30岁,中国大陆,是,经常,经常刷/听到,经常刷/听到,经常刷/听到,经常刷/听到,经常刷/听到,经常刷/听到,经常刷/听到,短视频平台┋社交软件┋日常交流┋综艺节目,经常会用,有时会用,有时会用,有时会用,有时会用,经常会用,经常会用,游戏交流┋线下闲聊┋线上私聊（微信、QQ等）,无影响
64,2026/3/19 20:08:00,76秒,微信,N/A,39.144.224.21(重庆-重庆),男,18～30岁,中国大陆,否,有时,经常刷/听到,经常刷/听到,有印象,经常刷/听到,没听过,经常刷/听到,经常刷/听到,短视频平台┋社交软件┋日常交流,经常会用,从来不用,从来不用,从来不用,从来不用,从来不用,有时会用,游戏交流┋线下闲聊┋线上私聊（微信、QQ等）,有负面影响
65,2026/3/19 20:09:46,71秒,微信,N/A,113.52.102.174(澳门-未知),男,18～30岁,港澳台地区,是,有时,经常刷/听到,有印象,没听过,有印象,没听过,没听过,有印象,短视频平台┋社交软件┋日常交流,经常会用,从来不用,从来不用,从来不用,从来不用,从来不用,有时会用,游戏交流┋线下闲聊┋线上私聊（微信、QQ等）,无影响
66,2026/3/19 20:10:53,147秒,微信,N/A,149.102.98.200(澳门-未知),女,18～30岁,中国大陆,是,经常,经常刷/听到,经常刷/听到,经常刷/听到,经常刷/听到,经常刷/听到,经常刷/听到,经常刷/听到,短视频平台┋社交软件┋日常交流┋综艺节目,经常会用,有时会用,从来不用,有时会用,从来不用,有时会用,经常会用,游戏交流┋线下闲聊┋线上私聊（微信、QQ等）,无影响
67,2026/3/19 20:11:18,61秒,微信,N/A,60.246.42.7(澳门-未知),女,18～30岁,港澳台地区,是,经常,经常刷/听到,经常刷/听到,经常刷/听到,经常刷/听到,经常刷/听到,经常刷/听到,经常刷/听到,短视频平台┋社交软件┋日常交流,经常会用,经常会用,有时会用,从来不用,从来不用,经常会用,经常会用,游戏交流┋线下闲聊┋线上私聊（微信、QQ等）┋社交媒体互动（发帖、评论、转发等）,有积极影响
68,2026/3/19 20:18:33,65秒,微信,N/A,122.100.146.68(澳门-未知),女,18～30岁,港澳台地区,是,经常,经常刷/听到,经常刷/听到,经常刷/听到,经常刷/听到,经常刷/听到,经常刷/听到,经常刷/听到,短视频平台┋社交软件┋综艺节目,有时会用,从来不用,经常会用,有时会用,有时会用,经常会用,经常会用,线下闲聊┋线上私聊（微信、QQ等）┋特殊场合（体育赛事、演唱会等）,无影响
69,2026/3/19 20:19:22,68秒,微信,N/A,103.143.93.16(澳门-未知),女,18～30岁,中国大陆,否,有时,经常刷/听到,经常刷/听到,经常刷/听到,没听过,没听过,经常刷/听到,经常刷/听到,短视频平台┋社交软件,有时会用,从来不用,从来不用,从来不用,从来不用,从来不用,经常会用,线下闲聊,无影响
70,2026/3/19 20:21:16,44秒,微信,N/A,202.175.51.67(澳门-未知),男,18～30岁,港澳台地区,是,经常,经常刷/听到,经常刷/听到,没听过,经常刷/听到,没听过,经常刷/听到,经常刷/听到,短视频平台┋社交软件┋日常交流,经常会用,从来不用,从来不用,有时会用,从来不用,从来不用,有时会用,游戏交流┋线下闲聊┋线上私聊（微信、QQ等）,无影响
71,2026/3/19 20:21:38,56秒,微信,N/A,60.246.170.243(澳门-澳门半岛),男,18～30岁,港澳台地区,是,经常,经常刷/听到,经常刷/听到,经常刷/听到,经常刷/听到,没听过,经常刷/听到,经常刷/听到,短视频平台,有时会用,从来不用,从来不用,有时会用,从来不用,有时会用,从来不用,线上私聊（微信、QQ等）,有负面影响
72,2026/3/19 20:23:05,51秒,微信,N/A,202.175.67.171(澳门-未知),女,18～30岁,中国大陆,是,有时,有印象,经常刷/听到,有印象,没听过,没听过,经常刷/听到,经常刷/听到,短视频平台┋社交软件┋日常交流,从来不用,从来不用,从来不用,从来不用,从来不用,从来不用,经常会用,工作沟通┋线下闲聊┋线上私聊（微信、QQ等）┋社交媒体互动（发帖、评论、转发等）,有积极影响
73,2026/3/19 20:27:02,53秒,微信,N/A,182.93.57.139(澳门-未知),女,18～30岁,中国大陆,是,经常,经常刷/听到,经常刷/听到,经常刷/听到,经常刷/听到,没听过,经常刷/听到,经常刷/听到,短视频平台┋社交软件┋新闻资讯┋日常交流,从来不用,从来不用,从来不用,有时会用,从来不用,从来不用,经常会用,线下闲聊┋线上私聊（微信、QQ等）,无影响
74,2026/3/19 20:27:25,49秒,微信,N/A,149.102.98.198(澳门-未知),男,18～30岁,港澳台地区,是,有时,经常刷/听到,有印象,有印象,有印象,没听过,有印象,经常刷/听到,短视频平台┋日常交流,有时会用,从来不用,从来不用,从来不用,从来不用,从来不用,有时会用,游戏交流┋线下闲聊┋线上私聊（微信、QQ等）,有积极影响
75,2026/3/19 20:28:36,77秒,微信,N/A,113.52.76.116(澳门-未知),女,18～30岁,中国大陆,是,经常,经常刷/听到,经常刷/听到,经常刷/听到,有印象,经常刷/听到,经常刷/听到,经常刷/听到,短视频平台┋社交软件┋日常交流┋综艺节目,有时会用,有时会用,有时会用,从来不用,从来不用,有时会用,经常会用,游戏交流┋线下闲聊┋线上私聊（微信、QQ等）┋社交媒体互动（发帖、评论、转发等）,无影响
76,2026/3/19 20:29:43,169秒,微信,N/A,149.102.98.196(澳门-未知),男,18～30岁,港澳台地区,是,经常,经常刷/听到,经常刷/听到,经常刷/听到,经常刷/听到,没听过,经常刷/听到,经常刷/听到,短视频平台┋社交软件┋日常交流,经常会用,从来不用,有时会用,从来不用,从来不用,有时会用,经常会用,游戏交流┋线下闲聊┋线上私聊（微信、QQ等）,有积极影响
77,2026/3/19 20:39:12,190秒,微信,N/A,125.31.54.167(澳门-澳门半岛),女,18～30岁,港澳台地区,是,有时,经常刷/听到,经常刷/听到,经常刷/听到,有印象,没听过,有印象,经常刷/听到,短视频平台┋社交软件┋日常交流,经常会用,从来不用,从来不用,从来不用,从来不用,从来不用,有时会用,线下闲聊┋线上私聊（微信、QQ等）┋社交媒体互动（发帖、评论、转发等）,无影响
78,2026/3/19 20:44:24,50秒,微信,N/A,149.102.98.113(澳门-未知),男,18～30岁,港澳台地区,是,有时,有印象,没听过,没听过,没听过,没听过,没听过,没听过,短视频平台┋社交软件┋日常交流,从来不用,从来不用,从来不用,从来不用,从来不用,从来不用,从来不用,游戏交流┋线下闲聊┋线上私聊（微信、QQ等）┋社交媒体互动（发帖、评论、转发等）,有积极影响
79,2026/3/19 20:54:36,48秒,微信,N/A,114.254.0.55(北京-北京),女,18～30岁,中国大陆,否,几乎不,经常刷/听到,经常刷/听到,经常刷/听到,经常刷/听到,没听过,有印象,经常刷/听到,社交软件┋日常交流,经常会用,从来不用,有时会用,经常会用,从来不用,从来不用,经常会用,线下闲聊┋线上私聊（微信、QQ等）┋社交媒体互动（发帖、评论、转发等）,有积极影响
80,2026/3/19 21:20:25,60秒,微信,N/A,125.31.54.84(澳门-澳门半岛),男,18～30岁,中国大陆,是,经常,经常刷/听到,经常刷/听到,经常刷/听到,经常刷/听到,没听过,经常刷/听到,经常刷/听到,短视频平台┋社交软件┋日常交流,经常会用,从来不用,有时会用,有时会用,从来不用,有时会用,经常会用,游戏交流┋线下闲聊,有负面影响
81,2026/3/19 21:55:18,47秒,微信,N/A,103.143.92.145(澳门-未知),女,18～30岁,中国大陆,是,经常,经常刷/听到,经常刷/听到,有印象,有印象,没听过,经常刷/听到,经常刷/听到,短视频平台┋社交软件┋日常交流,经常会用,从来不用,从来不用,从来不用,从来不用,从来不用,经常会用,游戏交流┋线下闲聊┋线上私聊（微信、QQ等）┋社交媒体互动（发帖、评论、转发等）,无影响
82,2026/3/19 21:57:16,65秒,微信,N/A,113.52.79.192(澳门-未知),女,18～30岁,中国大陆,是,经常,经常刷/听到,经常刷/听到,经常刷/听到,经常刷/听到,有印象,经常刷/听到,经常刷/听到,短视频平台┋社交软件┋日常交流,经常会用,经常会用,经常会用,经常会用,从来不用,经常会用,经常会用,工作沟通┋游戏交流┋线下闲聊┋线上私聊（微信、QQ等）┋社交媒体互动（发帖、评论、转发等）,有积极影响
83,2026/3/19 22:02:20,59秒,微信,N/A,149.102.98.59(澳门-未知),女,18～30岁,中国大陆,是,经常,经常刷/听到,经常刷/听到,有印象,没听过,没听过,经常刷/听到,经常刷/听到,短视频平台┋社交软件┋日常交流┋综艺节目,经常会用,经常会用,从来不用,从来不用,从来不用,有时会用,有时会用,线下闲聊┋线上私聊（微信、QQ等）┋社交媒体互动（发帖、评论、转发等）,无影响
84,2026/3/19 22:37:10,47秒,微信,N/A,149.102.98.200(澳门-未知),男,18～30岁,中国大陆,是,经常,经常刷/听到,经常刷/听到,经常刷/听到,经常刷/听到,经常刷/听到,经常刷/听到,经常刷/听到,短视频平台┋社交软件┋日常交流,经常会用,经常会用,经常会用,经常会用,经常会用,经常会用,经常会用,游戏交流┋线下闲聊┋线上私聊（微信、QQ等）┋社交媒体互动（发帖、评论、转发等）,有积极影响
85,2026/3/19 22:37:23,57秒,微信,N/A,202.175.105.118(澳门-澳门半岛),男,18～30岁,中国大陆,是,经常,经常刷/听到,经常刷/听到,经常刷/听到,经常刷/听到,经常刷/听到,经常刷/听到,经常刷/听到,短视频平台┋社交软件┋日常交流,经常会用,有时会用,从来不用,有时会用,从来不用,有时会用,经常会用,游戏交流┋线下闲聊┋线上私聊（微信、QQ等）┋社交媒体互动（发帖、评论、转发等）,有积极影响
86,2026/3/19 23:00:02,51秒,微信,N/A,149.102.98.195(澳门-未知),女,18～30岁,港澳台地区,是,经常,经常刷/听到,经常刷/听到,经常刷/听到,经常刷/听到,经常刷/听到,经常刷/听到,经常刷/听到,短视频平台┋社交软件┋日常交流,有时会用,有时会用,从来不用,从来不用,从来不用,有时会用,经常会用,游戏交流┋线上私聊（微信、QQ等）┋社交媒体互动（发帖、评论、转发等）,有积极影响
87,2026/3/19 23:17:00,78秒,微信,N/A,125.31.54.86(澳门-澳门半岛),男,18～30岁,中国大陆,是,几乎不,经常刷/听到,经常刷/听到,没听过,经常刷/听到,没听过,有印象,经常刷/听到,社交软件┋日常交流┋其他〖长视频平台〗,经常会用,从来不用,从来不用,有时会用,从来不用,从来不用,从来不用,工作沟通┋线下闲聊┋线上私聊（微信、QQ等）,有积极影响
88,2026/3/19 23:30:51,68秒,微信,N/A,149.102.98.200(澳门-未知),女,18～30岁,中国大陆,是,经常,经常刷/听到,经常刷/听到,有印象,没听过,没听过,经常刷/听到,经常刷/听到,短视频平台┋社交软件┋日常交流,从来不用,有时会用,从来不用,从来不用,从来不用,从来不用,有时会用,线下闲聊┋线上私聊（微信、QQ等）,无影响
89,2026/3/20 0:16:44,88秒,微信,N/A,27.109.213.91(澳门-未知),男,18～30岁,港澳台地区,是,经常,经常刷/听到,有印象,没听过,经常刷/听到,没听过,有印象,有印象,短视频平台┋社交软件┋日常交流┋综艺节目,有时会用,从来不用,从来不用,从来不用,从来不用,从来不用,有时会用,游戏交流┋线下闲聊┋线上私聊（微信、QQ等）┋社交媒体互动（发帖、评论、转发等）,有积极影响
90,2026/3/20 0:45:49,88秒,微信,N/A,103.143.93.142(澳门-未知),男,18～30岁,中国大陆,是,有时,经常刷/听到,经常刷/听到,经常刷/听到,经常刷/听到,经常刷/听到,经常刷/听到,经常刷/听到,短视频平台┋社交软件┋日常交流,经常会用,从来不用,从来不用,从来不用,从来不用,从来不用,从来不用,游戏交流┋线下闲聊┋线上私聊（微信、QQ等）,有负面影响
91,2026/3/20 6:39:29,153秒,微信,N/A,113.52.91.78(澳门-未知),女,30岁以上,港澳台地区,否,有时,没听过,没听过,没听过,没听过,没听过,没听过,没听过,短视频平台┋新闻资讯┋综艺节目,从来不用,从来不用,从来不用,从来不用,从来不用,从来不用,从来不用,工作沟通,有负面影响
92,2026/3/20 8:44:39,43秒,微信,N/A,223.104.161.245(浙江-宁波),女,18～30岁,中国大陆,否,经常,经常刷/听到,经常刷/听到,经常刷/听到,经常刷/听到,没听过,经常刷/听到,经常刷/听到,短视频平台┋日常交流,经常会用,经常会用,经常会用,经常会用,从来不用,经常会用,经常会用,工作沟通┋游戏交流┋线下闲聊┋线上私聊（微信、QQ等）,有负面影响
93,2026/3/20 9:00:41,59秒,微信,N/A,122.227.138.64(浙江-宁波),女,18～30岁,中国大陆,否,经常,经常刷/听到,经常刷/听到,经常刷/听到,有印象,有印象,经常刷/听到,经常刷/听到,短视频平台┋社交软件┋日常交流┋综艺节目,经常会用,有时会用,从来不用,从来不用,从来不用,有时会用,经常会用,游戏交流┋线下闲聊┋线上私聊（微信、QQ等）┋社交媒体互动（发帖、评论、转发等）,有积极影响
94,2026/3/20 9:03:17,84秒,微信,N/A,122.227.138.66(浙江-宁波),女,18～30岁,中国大陆,否,经常,经常刷/听到,经常刷/听到,有印象,没听过,经常刷/听到,经常刷/听到,有印象,短视频平台┋社交软件,经常会用,经常会用,从来不用,有时会用,有时会用,经常会用,有时会用,线下闲聊┋线上私聊（微信、QQ等）┋社交媒体互动（发帖、评论、转发等）,无影响
95,2026/3/20 9:09:43,53秒,微信,N/A,210.83.72.96(浙江-宁波),女,18～30岁,中国大陆,否,经常,有印象,经常刷/听到,经常刷/听到,经常刷/听到,经常刷/听到,经常刷/听到,经常刷/听到,短视频平台┋社交软件┋日常交流,有时会用,有时会用,有时会用,经常会用,经常会用,经常会用,经常会用,游戏交流┋线下闲聊┋线上私聊（微信、QQ等）┋社交媒体互动（发帖、评论、转发等）,无影响
96,2026/3/20 9:14:38,150秒,微信,N/A,111.55.152.154(广东-广州),女,30岁以上,中国大陆,否,几乎不,有印象,没听过,没听过,没听过,没听过,没听过,没听过,新闻资讯,从来不用,从来不用,从来不用,从来不用,从来不用,从来不用,从来不用,其他〖没用过〗,无影响
97,2026/3/20 9:59:59,100秒,微信,N/A,149.102.98.23(澳门-未知),女,18岁以下,中国大陆,是,几乎不,有印象,经常刷/听到,经常刷/听到,经常刷/听到,没听过,经常刷/听到,经常刷/听到,社交软件┋日常交流,从来不用,从来不用,从来不用,有时会用,从来不用,从来不用,从来不用,线上私聊（微信、QQ等）,无影响
98,2026/3/20 10:29:41,56秒,微信,N/A,223.104.85.153(广东-珠海),女,18～30岁,中国大陆,否,经常,经常刷/听到,经常刷/听到,经常刷/听到,经常刷/听到,没听过,经常刷/听到,经常刷/听到,短视频平台┋社交软件┋日常交流┋综艺节目,有时会用,有时会用,有时会用,从来不用,从来不用,有时会用,有时会用,游戏交流┋线下闲聊┋线上私聊（微信、QQ等）┋社交媒体互动（发帖、评论、转发等）,无影响
99,2026/3/20 11:08:30,47秒,微信,N/A,122.227.138.66(浙江-宁波),女,18～30岁,中国大陆,否,经常,经常刷/听到,经常刷/听到,经常刷/听到,经常刷/听到,经常刷/听到,经常刷/听到,经常刷/听到,短视频平台┋社交软件┋日常交流,经常会用,有时会用,经常会用,经常会用,有时会用,经常会用,经常会用,游戏交流┋线下闲聊┋社交媒体互动（发帖、评论、转发等）,有积极影响
100,2026/3/20 16:03:20,77秒,微信,N/A,182.93.57.131(澳门-未知),女,18～30岁,中国大陆,是,有时,经常刷/听到,经常刷/听到,经常刷/听到,有印象,没听过,有印象,经常刷/听到,短视频平台┋社交软件┋日常交流,经常会用,从来不用,有时会用,从来不用,从来不用,从来不用,经常会用,工作沟通┋游戏交流┋线下闲聊┋线上私聊（微信、QQ等）┋特殊场合（体育赛事、演唱会等）┋社交媒体互动（发帖、评论、转发等）,无影响
101,2026/3/20 19:07:52,249秒,微信,N/A,182.138.91.126(四川-成都),女,30岁以上,中国大陆,否,有时,有印象,有印象,没听过,没听过,没听过,没听过,没听过,短视频平台,从来不用,从来不用,从来不用,从来不用,从来不用,从来不用,从来不用,线下闲聊,无影响
102,2026/3/20 19:30:18,59秒,微信,N/A,60.246.35.158(澳门-未知),男,18～30岁,港澳台地区,否,经常,经常刷/听到,有印象,有印象,经常刷/听到,没听过,没听过,经常刷/听到,短视频平台┋社交软件┋日常交流,有时会用,从来不用,从来不用,从来不用,从来不用,从来不用,有时会用,线下闲聊,有负面影响
103,2026/3/20 19:31:47,37秒,微信,N/A,202.120.235.65(上海-上海),女,18～30岁,中国大陆,否,经常,经常刷/听到,经常刷/听到,经常刷/听到,有印象,经常刷/听到,经常刷/听到,经常刷/听到,短视频平台┋社交软件┋日常交流,经常会用,从来不用,从来不用,从来不用,有时会用,有时会用,有时会用,工作沟通┋游戏交流┋线下闲聊┋线上私聊（微信、QQ等）┋特殊场合（体育赛事、演唱会等）,有负面影响
104,2026/3/20 19:38:15,63秒,微信,N/A,202.175.67.50(澳门-未知),女,18～30岁,中国大陆,是,经常,经常刷/听到,经常刷/听到,经常刷/听到,经常刷/听到,经常刷/听到,经常刷/听到,经常刷/听到,短视频平台┋社交软件┋日常交流┋综艺节目,经常会用,有时会用,有时会用,有时会用,有时会用,经常会用,经常会用,线下闲聊┋线上私聊（微信、QQ等）,有积极影响
105,2026/3/20 19:38:17,80秒,微信,N/A,113.52.89.44(澳门-未知),男,18～30岁,中国大陆,是,有时,经常刷/听到,有印象,有印象,没听过,没听过,没听过,有印象,短视频平台,从来不用,从来不用,从来不用,从来不用,从来不用,从来不用,有时会用,工作沟通,有负面影响
106,2026/3/20 19:42:37,203秒,微信,N/A,112.225.137.41(山东-青岛),女,18～30岁,中国大陆,否,经常,经常刷/听到,经常刷/听到,经常刷/听到,经常刷/听到,经常刷/听到,经常刷/听到,经常刷/听到,短视频平台,有时会用,从来不用,从来不用,有时会用,从来不用,从来不用,经常会用,游戏交流┋线上私聊（微信、QQ等）,有负面影响
107,2026/3/20 19:43:17,30秒,微信,N/A,223.104.85.129(广东-珠海),女,18～30岁,中国大陆,是,经常,经常刷/听到,经常刷/听到,经常刷/听到,经常刷/听到,经常刷/听到,经常刷/听到,经常刷/听到,短视频平台┋社交软件┋日常交流┋综艺节目,经常会用,经常会用,经常会用,经常会用,经常会用,经常会用,经常会用,游戏交流┋线下闲聊┋线上私聊（微信、QQ等）┋特殊场合（体育赛事、演唱会等）┋社交媒体互动（发帖、评论、转发等）┋其他,有积极影响
108,2026/3/20 19:44:20,91秒,微信,N/A,111.15.175.152(山东-潍坊),女,30岁以上,中国大陆,否,有时,没听过,经常刷/听到,经常刷/听到,没听过,有印象,没听过,没听过,短视频平台┋综艺节目,从来不用,有时会用,从来不用,从来不用,从来不用,从来不用,从来不用,线上私聊（微信、QQ等）┋社交媒体互动（发帖、评论、转发等）,有积极影响
109,2026/3/20 19:45:48,71秒,微信,N/A,202.175.105.118(澳门-澳门半岛),女,18～30岁,中国大陆,是,经常,经常刷/听到,经常刷/听到,有印象,经常刷/听到,有印象,有印象,经常刷/听到,短视频平台┋日常交流,经常会用,从来不用,从来不用,从来不用,从来不用,从来不用,经常会用,线下闲聊┋线上私聊（微信、QQ等）,有积极影响
110,2026/3/20 19:46:04,70秒,微信,N/A,223.104.194.109(山东-济南),女,18～30岁,中国大陆,否,经常,没听过,经常刷/听到,经常刷/听到,没听过,经常刷/听到,经常刷/听到,经常刷/听到,短视频平台┋社交软件┋综艺节目,经常会用,从来不用,从来不用,从来不用,经常会用,从来不用,经常会用,线下闲聊┋线上私聊（微信、QQ等）,无影响
111,2026/3/20 19:50:53,59秒,微信,N/A,202.175.67.200(澳门-未知),男,18～30岁,中国大陆,是,几乎不,经常刷/听到,有印象,有印象,有印象,没听过,有印象,有印象,日常交流,经常会用,从来不用,从来不用,从来不用,从来不用,从来不用,有时会用,游戏交流┋线下闲聊┋线上私聊（微信、QQ等）,有负面影响
112,2026/3/20 19:51:08,47秒,微信,N/A,202.175.67.185(澳门-未知),女,18～30岁,中国大陆,是,经常,经常刷/听到,经常刷/听到,经常刷/听到,经常刷/听到,经常刷/听到,经常刷/听到,经常刷/听到,短视频平台┋社交软件┋日常交流┋综艺节目,经常会用,有时会用,有时会用,经常会用,有时会用,经常会用,经常会用,线下闲聊┋线上私聊（微信、QQ等）┋社交媒体互动（发帖、评论、转发等）,无影响
113,2026/3/20 19:53:20,78秒,微信,N/A,182.33.192.146(山东-潍坊),男,18～30岁,中国大陆,否,经常,经常刷/听到,经常刷/听到,经常刷/听到,经常刷/听到,没听过,经常刷/听到,经常刷/听到,短视频平台┋社交软件┋日常交流┋综艺节目,经常会用,有时会用,有时会用,有时会用,从来不用,有时会用,有时会用,工作沟通┋游戏交流┋线下闲聊┋线上私聊（微信、QQ等）┋社交媒体互动（发帖、评论、转发等）,有负面影响
114,2026/3/20 19:53:55,58秒,微信,N/A,60.246.104.194(澳门-澳门半岛),女,18～30岁,港澳台地区,是,有时,经常刷/听到,经常刷/听到,经常刷/听到,经常刷/听到,经常刷/听到,经常刷/听到,经常刷/听到,日常交流,有时会用,有时会用,从来不用,从来不用,从来不用,从来不用,经常会用,工作沟通┋游戏交流┋线下闲聊┋线上私聊（微信、QQ等）┋特殊场合（体育赛事、演唱会等）┋社交媒体互动（发帖、评论、转发等）,有负面影响
115,2026/3/20 19:54:40,57秒,微信,N/A,140.75.117.101(山东-青岛),男,18～30岁,中国大陆,否,经常,经常刷/听到,经常刷/听到,经常刷/听到,经常刷/听到,没听过,经常刷/听到,经常刷/听到,短视频平台┋日常交流,经常会用,有时会用,从来不用,有时会用,从来不用,有时会用,经常会用,游戏交流┋线下闲聊┋线上私聊（微信、QQ等）┋社交媒体互动（发帖、评论、转发等）,有积极影响
116,2026/3/20 19:55:41,37秒,微信,N/A,144.12.36.176(山东-淄博),女,18～30岁,中国大陆,否,经常,经常刷/听到,经常刷/听到,经常刷/听到,经常刷/听到,经常刷/听到,经常刷/听到,经常刷/听到,短视频平台┋社交软件┋日常交流,有时会用,有时会用,有时会用,有时会用,有时会用,有时会用,有时会用,游戏交流┋线下闲聊┋线上私聊（微信、QQ等）┋社交媒体互动（发帖、评论、转发等）,无影响
117,2026/3/20 19:58:26,65秒,微信,N/A,218.12.23.3(河北-石家庄),女,18～30岁,中国大陆,否,有时,经常刷/听到,经常刷/听到,经常刷/听到,有印象,没听过,有印象,经常刷/听到,短视频平台┋社交软件┋日常交流,经常会用,从来不用,从来不用,从来不用,从来不用,从来不用,有时会用,线下闲聊┋线上私聊（微信、QQ等）┋社交媒体互动（发帖、评论、转发等）,无影响
118,2026/3/20 19:59:45,63秒,微信,N/A,202.175.67.185(澳门-未知),女,18～30岁,港澳台地区,是,经常,经常刷/听到,经常刷/听到,经常刷/听到,经常刷/听到,经常刷/听到,经常刷/听到,经常刷/听到,短视频平台┋社交软件┋日常交流,经常会用,有时会用,从来不用,有时会用,从来不用,经常会用,经常会用,工作沟通┋线下闲聊┋线上私聊（微信、QQ等）┋社交媒体互动（发帖、评论、转发等）,有负面影响
119,2026/3/20 20:00:20,45秒,微信,N/A,39.144.108.8(山东-枣庄),女,18～30岁,中国大陆,否,经常,经常刷/听到,经常刷/听到,经常刷/听到,经常刷/听到,经常刷/听到,经常刷/听到,经常刷/听到,短视频平台┋社交软件┋综艺节目,有时会用,从来不用,从来不用,从来不用,从来不用,从来不用,有时会用,线下闲聊┋线上私聊（微信、QQ等）,无影响
120,2026/3/20 20:01:51,48秒,微信,N/A,112.224.155.79(山东-青岛),男,18～30岁,中国大陆,否,经常,经常刷/听到,经常刷/听到,经常刷/听到,经常刷/听到,经常刷/听到,经常刷/听到,经常刷/听到,短视频平台┋社交软件┋日常交流,从来不用,从来不用,从来不用,有时会用,从来不用,有时会用,从来不用,工作沟通┋游戏交流┋线下闲聊┋线上私聊（微信、QQ等）┋社交媒体互动（发帖、评论、转发等）,无影响
121,2026/3/20 20:02:24,96秒,微信,N/A,122.151.61.236(国外-澳大利亚),女,30岁以上,其他国家,否,几乎不,经常刷/听到,经常刷/听到,有印象,有印象,没听过,没听过,经常刷/听到,社交软件,从来不用,有时会用,从来不用,从来不用,从来不用,从来不用,有时会用,线下闲聊┋线上私聊（微信、QQ等）,无影响
122,2026/3/20 20:04:56,57秒,微信,N/A,113.52.109.13(澳门-未知),女,18～30岁,港澳台地区,是,几乎不,经常刷/听到,经常刷/听到,有印象,没听过,有印象,有印象,经常刷/听到,短视频平台┋社交软件┋日常交流,经常会用,从来不用,从来不用,从来不用,从来不用,从来不用,经常会用,线下闲聊┋线上私聊（微信、QQ等）,无影响
123,2026/3/20 20:16:34,38秒,微信,N/A,182.93.57.137(澳门-未知),女,18～30岁,中国大陆,是,有时,经常刷/听到,经常刷/听到,经常刷/听到,经常刷/听到,经常刷/听到,经常刷/听到,经常刷/听到,短视频平台┋社交软件┋日常交流,经常会用,经常会用,经常会用,经常会用,经常会用,经常会用,经常会用,工作沟通┋游戏交流┋线下闲聊┋线上私聊（微信、QQ等）┋特殊场合（体育赛事、演唱会等）┋社交媒体互动（发帖、评论、转发等）,无影响
124,2026/3/20 20:18:48,38秒,微信,N/A,125.31.54.91(澳门-澳门半岛),女,18～30岁,中国大陆,是,经常,经常刷/听到,经常刷/听到,经常刷/听到,经常刷/听到,经常刷/听到,经常刷/听到,经常刷/听到,短视频平台┋社交软件┋综艺节目,经常会用,经常会用,从来不用,经常会用,从来不用,有时会用,经常会用,游戏交流┋线下闲聊┋线上私聊（微信、QQ等）┋社交媒体互动（发帖、评论、转发等）,无影响
125,2026/3/20 20:32:32,49秒,微信,N/A,111.53.227.4(山西-太原),女,18～30岁,中国大陆,否,有时,有印象,有印象,经常刷/听到,没听过,没听过,有印象,没听过,短视频平台┋社交软件┋日常交流┋综艺节目,有时会用,有时会用,从来不用,从来不用,从来不用,从来不用,有时会用,线下闲聊,无影响
126,2026/3/20 20:41:51,33秒,微信,N/A,149.102.98.195(澳门-未知),女,18～30岁,港澳台地区,是,经常,经常刷/听到,经常刷/听到,经常刷/听到,经常刷/听到,没听过,经常刷/听到,经常刷/听到,短视频平台┋社交软件┋日常交流┋综艺节目,有时会用,有时会用,从来不用,从来不用,从来不用,有时会用,经常会用,线下闲聊┋线上私聊（微信、QQ等）┋社交媒体互动（发帖、评论、转发等）,有积极影响
127,2026/3/20 20:47:45,43秒,微信,N/A,202.175.67.59(澳门-未知),女,18～30岁,中国大陆,是,经常,经常刷/听到,经常刷/听到,经常刷/听到,经常刷/听到,经常刷/听到,经常刷/听到,经常刷/听到,短视频平台┋社交软件┋日常交流,经常会用,经常会用,有时会用,有时会用,从来不用,从来不用,经常会用,游戏交流┋线下闲聊┋线上私聊（微信、QQ等）┋社交媒体互动（发帖、评论、转发等）,有积极影响
128,2026/3/20 20:51:29,37秒,微信,N/A,202.175.67.213(澳门-未知),女,18～30岁,中国大陆,是,经常,经常刷/听到,经常刷/听到,经常刷/听到,经常刷/听到,经常刷/听到,经常刷/听到,经常刷/听到,短视频平台┋社交软件┋日常交流,经常会用,经常会用,经常会用,经常会用,经常会用,经常会用,经常会用,游戏交流┋线下闲聊┋线上私聊（微信、QQ等）┋社交媒体互动（发帖、评论、转发等）,有积极影响
129,2026/3/20 20:58:01,71秒,微信,N/A,223.104.86.51(广东-广州),女,18～30岁,中国大陆,否,经常,有印象,经常刷/听到,有印象,有印象,没听过,经常刷/听到,经常刷/听到,短视频平台┋社交软件,从来不用,从来不用,有时会用,从来不用,从来不用,从来不用,经常会用,线下闲聊┋线上私聊（微信、QQ等）┋社交媒体互动（发帖、评论、转发等）,有积极影响
130,2026/3/20 21:11:45,63秒,微信,N/A,119.2.249.253(广东-珠海),女,18～30岁,港澳台地区,是,经常,经常刷/听到,经常刷/听到,经常刷/听到,经常刷/听到,有印象,经常刷/听到,经常刷/听到,短视频平台┋社交软件┋综艺节目,有时会用,经常会用,经常会用,有时会用,从来不用,有时会用,经常会用,线下闲聊┋线上私聊（微信、QQ等）,无影响
131,2026/3/20 21:31:51,67秒,微信,N/A,149.102.98.115(澳门-未知),女,18～30岁,中国大陆,是,有时,经常刷/听到,经常刷/听到,经常刷/听到,有印象,经常刷/听到,经常刷/听到,经常刷/听到,短视频平台┋社交软件┋日常交流,有时会用,从来不用,从来不用,从来不用,从来不用,有时会用,有时会用,线下闲聊┋线上私聊（微信、QQ等）┋社交媒体互动（发帖、评论、转发等）,有积极影响
132,2026/3/20 21:39:43,39秒,微信,N/A,223.80.50.93(山东-青岛),女,18～30岁,中国大陆,否,经常,有印象,有印象,有印象,有印象,有印象,有印象,有印象,短视频平台┋社交软件┋日常交流,经常会用,从来不用,从来不用,有时会用,有时会用,有时会用,经常会用,游戏交流┋线下闲聊┋线上私聊（微信、QQ等）┋社交媒体互动（发帖、评论、转发等）,有积极影响
133,2026/3/20 21:50:41,87秒,微信,N/A,27.219.254.109(山东-青岛),男,30岁以上,中国大陆,否,经常,经常刷/听到,没听过,有印象,没听过,有印象,没听过,有印象,短视频平台┋社交软件,有时会用,从来不用,从来不用,从来不用,从来不用,从来不用,从来不用,线下闲聊,无影响
134,2026/3/20 22:02:44,47秒,微信,N/A,125.31.54.165(澳门-澳门半岛),女,18～30岁,中国大陆,是,经常,经常刷/听到,经常刷/听到,经常刷/听到,有印象,没听过,有印象,经常刷/听到,短视频平台┋社交软件┋日常交流,经常会用,从来不用,从来不用,从来不用,从来不用,从来不用,经常会用,游戏交流┋线下闲聊┋线上私聊（微信、QQ等）┋社交媒体互动（发帖、评论、转发等）,有负面影响
135,2026/3/20 22:38:17,77秒,微信,N/A,125.31.54.69(澳门-澳门半岛),男,18～30岁,中国大陆,是,经常,经常刷/听到,有印象,没听过,没听过,没听过,经常刷/听到,经常刷/听到,短视频平台,经常会用,从来不用,从来不用,从来不用,从来不用,从来不用,从来不用,线下闲聊,无影响
136,2026/3/20 22:46:41,47秒,微信,N/A,123.165.50.127(黑龙江-哈尔滨),女,18～30岁,中国大陆,否,经常,经常刷/听到,经常刷/听到,经常刷/听到,经常刷/听到,经常刷/听到,经常刷/听到,经常刷/听到,短视频平台┋社交软件┋日常交流┋其他,从来不用,从来不用,从来不用,从来不用,从来不用,从来不用,经常会用,工作沟通┋线上私聊（微信、QQ等）┋其他,无影响
137,2026/3/20 23:02:32,35秒,微信,N/A,42.185.33.176(黑龙江-哈尔滨),男,18～30岁,中国大陆,否,经常,经常刷/听到,经常刷/听到,经常刷/听到,经常刷/听到,没听过,经常刷/听到,经常刷/听到,短视频平台┋社交软件┋日常交流,经常会用,从来不用,从来不用,从来不用,从来不用,从来不用,经常会用,工作沟通┋游戏交流┋线下闲聊┋线上私聊（微信、QQ等）┋社交媒体互动（发帖、评论、转发等）,有积极影响
138,2026/3/20 23:08:27,71秒,微信,N/A,202.175.67.55(澳门-未知),女,18～30岁,中国大陆,是,有时,经常刷/听到,经常刷/听到,经常刷/听到,经常刷/听到,有印象,经常刷/听到,经常刷/听到,短视频平台┋社交软件┋日常交流,从来不用,有时会用,从来不用,有时会用,从来不用,从来不用,经常会用,线上私聊（微信、QQ等）┋社交媒体互动（发帖、评论、转发等）,无影响
139,2026/3/20 23:16:05,50秒,微信,N/A,183.95.249.156(湖北-武汉),男,18～30岁,中国大陆,否,经常,没听过,经常刷/听到,有印象,经常刷/听到,有印象,有印象,经常刷/听到,短视频平台┋社交软件┋日常交流,从来不用,从来不用,从来不用,从来不用,从来不用,有时会用,经常会用,工作沟通┋游戏交流┋线下闲聊┋线上私聊（微信、QQ等）,有积极影响
140,2026/3/20 23:34:22,55秒,微信,N/A,183.161.51.71(安徽-安庆),女,18～30岁,中国大陆,否,经常,经常刷/听到,经常刷/听到,经常刷/听到,经常刷/听到,经常刷/听到,经常刷/听到,经常刷/听到,短视频平台┋社交软件┋日常交流,有时会用,有时会用,有时会用,有时会用,有时会用,有时会用,有时会用,游戏交流┋线下闲聊,无影响
141,2026/3/21 0:08:49,113秒,微信,N/A,27.42.87.71(广东-珠海),男,18～30岁,中国大陆,是,经常,经常刷/听到,有印象,经常刷/听到,有印象,没听过,没听过,经常刷/听到,短视频平台┋社交软件┋日常交流,经常会用,从来不用,从来不用,有时会用,从来不用,从来不用,有时会用,游戏交流┋线下闲聊┋线上私聊（微信、QQ等）┋社交媒体互动（发帖、评论、转发等）,有负面影响
142,2026/3/21 0:26:36,42秒,微信,N/A,182.200.202.142(辽宁-沈阳),女,18～30岁,中国大陆,否,经常,经常刷/听到,经常刷/听到,经常刷/听到,经常刷/听到,经常刷/听到,经常刷/听到,经常刷/听到,短视频平台,有时会用,经常会用,经常会用,经常会用,从来不用,有时会用,经常会用,游戏交流┋线下闲聊┋社交媒体互动（发帖、评论、转发等）,有积极影响
143,2026/3/21 1:07:48,54秒,微信,N/A,223.104.195.117(山东-泰安),女,18～30岁,中国大陆,否,经常,经常刷/听到,经常刷/听到,经常刷/听到,经常刷/听到,经常刷/听到,经常刷/听到,经常刷/听到,短视频平台┋社交软件┋日常交流┋综艺节目,从来不用,有时会用,从来不用,有时会用,经常会用,有时会用,经常会用,线下闲聊┋线上私聊（微信、QQ等）,有负面影响
144,2026/3/21 6:41:42,63秒,微信,N/A,111.199.6.16(北京-北京),女,18～30岁,中国大陆,否,经常,没听过,经常刷/听到,经常刷/听到,经常刷/听到,经常刷/听到,经常刷/听到,经常刷/听到,短视频平台┋社交软件┋日常交流┋综艺节目,从来不用,经常会用,经常会用,经常会用,经常会用,经常会用,经常会用,游戏交流┋线下闲聊┋线上私聊（微信、QQ等）,有积极影响
145,2026/3/21 6:41:49,246秒,微信,N/A,1.63.148.12(黑龙江-绥化),女,30岁以上,中国大陆,否,有时,有印象,有印象,有印象,有印象,没听过,没听过,有印象,短视频平台┋日常交流,从来不用,从来不用,从来不用,从来不用,从来不用,从来不用,从来不用,线下闲聊,无影响
146,2026/3/21 11:04:45,95秒,微信,N/A,124.240.103.147(广东-佛山),女,18～30岁,中国大陆,是,经常,经常刷/听到,经常刷/听到,经常刷/听到,经常刷/听到,经常刷/听到,经常刷/听到,经常刷/听到,短视频平台┋社交软件┋日常交流,经常会用,从来不用,从来不用,从来不用,有时会用,从来不用,有时会用,线下闲聊┋线上私聊（微信、QQ等）┋特殊场合（体育赛事、演唱会等）┋社交媒体互动（发帖、评论、转发等）,无影响
147,2026/3/21 11:19:56,33秒,微信,N/A,111.55.114.83(黑龙江-哈尔滨),女,18～30岁,中国大陆,否,有时,有印象,有印象,有印象,没听过,没听过,有印象,有印象,短视频平台,从来不用,有时会用,有时会用,从来不用,从来不用,有时会用,有时会用,线下闲聊,无影响
148,2026/3/21 14:40:39,37秒,微信,N/A,180.208.58.183(江苏-苏州),女,18～30岁,中国大陆,否,经常,经常刷/听到,经常刷/听到,经常刷/听到,经常刷/听到,经常刷/听到,经常刷/听到,经常刷/听到,短视频平台┋社交软件┋新闻资讯┋日常交流┋综艺节目,经常会用,经常会用,经常会用,经常会用,经常会用,经常会用,经常会用,线下闲聊┋线上私聊（微信、QQ等）,有积极影响
149,2026/3/21 14:56:55,49秒,微信,N/A,116.130.209.161(天津-天津),女,18～30岁,中国大陆,否,经常,经常刷/听到,经常刷/听到,经常刷/听到,没听过,没听过,经常刷/听到,经常刷/听到,短视频平台┋社交软件,有时会用,从来不用,从来不用,从来不用,从来不用,有时会用,经常会用,线下闲聊┋线上私聊（微信、QQ等）┋社交媒体互动（发帖、评论、转发等）,无影响
150,2026/3/21 15:20:43,61秒,微信,N/A,120.230.65.136(广东-佛山),男,18岁以下,中国大陆,否,经常,经常刷/听到,经常刷/听到,经常刷/听到,经常刷/听到,没听过,经常刷/听到,有印象,短视频平台,经常会用,从来不用,从来不用,经常会用,从来不用,有时会用,从来不用,游戏交流┋线下闲聊┋线上私聊（微信、QQ等）,有积极影响
151,2026/3/21 16:05:02,50秒,微信,N/A,120.229.23.93(广东-深圳),女,18～30岁,港澳台地区,是,有时,经常刷/听到,经常刷/听到,经常刷/听到,有印象,没听过,经常刷/听到,经常刷/听到,短视频平台┋社交软件,经常会用,有时会用,从来不用,从来不用,从来不用,有时会用,经常会用,游戏交流┋线下闲聊┋线上私聊（微信、QQ等）┋社交媒体互动（发帖、评论、转发等）,有负面影响
152,2026/4/7 23:46:04,93秒,微信,N/A,101.204.33.157(四川-成都),男,18～30岁,中国大陆,是,经常,经常刷/听到,经常刷/听到,有印象,有印象,没听过,有印象,经常刷/听到,短视频平台┋社交软件┋综艺节目,有时会用,有时会用,从来不用,从来不用,从来不用,从来不用,有时会用,游戏交流┋线下闲聊┋线上私聊（微信、QQ等）,有积极影响
153,2026/4/13 10:51:11,108秒,微信,N/A,39.144.0.202(山东-菏泽),男,30岁以上,中国大陆,否,有时,经常刷/听到,有印象,没听过,经常刷/听到,没听过,有印象,有印象,社交软件,有时会用,从来不用,从来不用,从来不用,从来不用,从来不用,有时会用,线下闲聊┋社交媒体互动（发帖、评论、转发等）,有负面影响
154,2026/4/13 10:52:23,181秒,微信,N/A,111.15.175.152(山东-潍坊),女,30岁以上,中国大陆,否,经常,没听过,有印象,没听过,没听过,没听过,没听过,没听过,其他,从来不用,从来不用,从来不用,从来不用,从来不用,从来不用,从来不用,社交媒体互动（发帖、评论、转发等）┋其他,有负面影响
155,2026/4/13 10:53:13,76秒,微信,N/A,121.236.217.163(江苏-苏州),男,18～30岁,中国大陆,否,有时,有印象,有印象,有印象,有印象,没听过,有印象,有印象,日常交流,有时会用,从来不用,从来不用,有时会用,从来不用,从来不用,有时会用,线下闲聊┋线上私聊（微信、QQ等）┋社交媒体互动（发帖、评论、转发等）,有积极影响
156,2026/4/13 10:53:21,78秒,微信,N/A,183.62.43.133(广东-广州),女,30岁以上,中国大陆,否,经常,有印象,没听过,没听过,没听过,没听过,没听过,没听过,其他,从来不用,从来不用,从来不用,从来不用,从来不用,从来不用,从来不用,线下闲聊,无影响
157,2026/4/13 10:58:38,95秒,微信,N/A,27.193.17.249(山东-青岛),男,30岁以上,中国大陆,否,经常,有印象,经常刷/听到,有印象,有印象,有印象,有印象,有印象,新闻资讯,有时会用,有时会用,有时会用,有时会用,有时会用,有时会用,有时会用,线下闲聊,有积极影响
158,2026/4/13 10:58:42,80秒,微信,N/A,122.192.90.181(江苏-常州),女,18～30岁,中国大陆,否,经常,经常刷/听到,经常刷/听到,经常刷/听到,经常刷/听到,没听过,经常刷/听到,经常刷/听到,短视频平台┋社交软件┋日常交流,从来不用,从来不用,从来不用,从来不用,从来不用,从来不用,从来不用,线下闲聊┋线上私聊（微信、QQ等）┋社交媒体互动（发帖、评论、转发等）,无影响
159,2026/4/13 10:59:44,122秒,微信,N/A,121.236.217.132(江苏-苏州),女,18～30岁,中国大陆,否,经常,经常刷/听到,经常刷/听到,经常刷/听到,经常刷/听到,没听过,没听过,没听过,短视频平台┋日常交流┋综艺节目,有时会用,从来不用,从来不用,从来不用,从来不用,从来不用,从来不用,线下闲聊┋线上私聊（微信、QQ等）,无影响
160,2026/4/13 11:00:08,174秒,微信,N/A,27.193.17.249(山东-青岛),女,30岁以上,中国大陆,否,经常,有印象,有印象,有印象,有印象,没听过,没听过,有印象,其他,从来不用,从来不用,从来不用,从来不用,从来不用,从来不用,从来不用,其他,无影响
161,2026/4/13 11:01:27,205秒,微信,N/A,27.193.17.249(山东-青岛),女,30岁以上,中国大陆,否,经常,没听过,没听过,没听过,没听过,没听过,没听过,有印象,其他,从来不用,从来不用,从来不用,从来不用,从来不用,从来不用,有时会用,其他,有积极影响
162,2026/4/13 11:02:20,96秒,微信,N/A,111.15.175.197(山东-潍坊),女,30岁以上,中国大陆,否,有时,没听过,有印象,没听过,没听过,没听过,没听过,没听过,短视频平台┋社交软件,从来不用,从来不用,从来不用,从来不用,从来不用,从来不用,从来不用,线上私聊（微信、QQ等）,无影响
163,2026/4/13 11:08:25,525秒,微信,N/A,223.104.194.64(山东-济南),男,30岁以上,中国大陆,否,经常,没听过,没听过,没听过,没听过,没听过,没听过,没听过,短视频平台┋社交软件┋新闻资讯┋日常交流┋综艺节目┋其他,从来不用,从来不用,从来不用,从来不用,从来不用,从来不用,从来不用,工作沟通┋线下闲聊┋线上私聊（微信、QQ等）┋社交媒体互动（发帖、评论、转发等）┋其他,无影响
164,2026/4/13 11:09:39,63秒,微信,N/A,202.175.67.59(澳门-未知),女,18～30岁,港澳台地区,是,经常,经常刷/听到,没听过,没听过,没听过,没听过,没听过,有印象,短视频平台┋社交软件,从来不用,从来不用,从来不用,从来不用,从来不用,从来不用,从来不用,社交媒体互动（发帖、评论、转发等）,无影响
165,2026/4/13 11:14:55,216秒,微信,N/A,180.94.184.162(澳门-澳门半岛),女,18～30岁,港澳台地区,是,经常,经常刷/听到,没听过,没听过,经常刷/听到,没听过,没听过,经常刷/听到,短视频平台┋社交软件┋新闻资讯┋日常交流┋综艺节目,经常会用,从来不用,从来不用,经常会用,从来不用,从来不用,经常会用,游戏交流┋线上私聊（微信、QQ等）,有负面影响
166,2026/4/13 11:19:17,63秒,微信,N/A,202.175.67.166(澳门-未知),女,18～30岁,中国大陆,是,几乎不,经常刷/听到,经常刷/听到,经常刷/听到,经常刷/听到,没听过,有印象,经常刷/听到,日常交流,有时会用,从来不用,从来不用,从来不用,从来不用,从来不用,有时会用,线下闲聊┋社交媒体互动（发帖、评论、转发等）,无影响
167,2026/4/13 11:23:34,43秒,微信,N/A,125.31.54.165(澳门-澳门半岛),男,18～30岁,港澳台地区,是,经常,经常刷/听到,经常刷/听到,经常刷/听到,经常刷/听到,没听过,没听过,经常刷/听到,短视频平台,从来不用,从来不用,从来不用,从来不用,从来不用,从来不用,从来不用,游戏交流┋线上私聊（微信、QQ等）,无影响
168,2026/4/13 11:24:58,47秒,微信,N/A,223.104.158.239(江苏-盐城),男,18～30岁,中国大陆,否,有时,经常刷/听到,经常刷/听到,有印象,有印象,经常刷/听到,经常刷/听到,经常刷/听到,短视频平台┋社交软件┋日常交流,经常会用,从来不用,从来不用,经常会用,从来不用,从来不用,经常会用,工作沟通┋游戏交流┋线下闲聊┋线上私聊（微信、QQ等）┋社交媒体互动（发帖、评论、转发等）,无影响
169,2026/4/13 11:25:30,41秒,微信,N/A,121.236.217.114(江苏-苏州),男,18～30岁,中国大陆,否,经常,经常刷/听到,经常刷/听到,经常刷/听到,经常刷/听到,没听过,经常刷/听到,经常刷/听到,短视频平台┋社交软件┋日常交流,有时会用,有时会用,有时会用,经常会用,从来不用,有时会用,经常会用,工作沟通┋线下闲聊┋线上私聊（微信、QQ等）┋社交媒体互动（发帖、评论、转发等）,有负面影响
170,2026/4/13 11:29:13,55秒,微信,N/A,120.236.161.51(广东-广州),女,18～30岁,中国大陆,否,经常,经常刷/听到,经常刷/听到,经常刷/听到,经常刷/听到,经常刷/听到,经常刷/听到,经常刷/听到,短视频平台┋社交软件┋日常交流┋综艺节目,经常会用,有时会用,有时会用,有时会用,从来不用,从来不用,经常会用,游戏交流┋线下闲聊┋线上私聊（微信、QQ等）┋社交媒体互动（发帖、评论、转发等）,有积极影响
171,2026/4/13 11:30:07,48秒,微信,N/A,149.102.98.113(澳门-未知),男,18～30岁,港澳台地区,是,有时,经常刷/听到,经常刷/听到,没听过,有印象,没听过,有印象,经常刷/听到,短视频平台┋社交软件┋日常交流┋综艺节目,从来不用,从来不用,从来不用,从来不用,从来不用,从来不用,有时会用,线下闲聊┋线上私聊（微信、QQ等）,有负面影响
172,2026/4/13 11:31:28,39秒,微信,N/A,202.175.105.123(澳门-澳门半岛),男,18～30岁,中国大陆,是,经常,经常刷/听到,经常刷/听到,经常刷/听到,经常刷/听到,经常刷/听到,经常刷/听到,经常刷/听到,短视频平台,经常会用,从来不用,从来不用,从来不用,从来不用,从来不用,从来不用,游戏交流,无影响
173,2026/4/13 11:31:46,1434秒,微信,N/A,223.104.194.114(山东-济南),男,30岁以上,中国大陆,否,经常,没听过,没听过,没听过,没听过,没听过,没听过,没听过,短视频平台┋新闻资讯┋综艺节目,从来不用,从来不用,从来不用,从来不用,从来不用,从来不用,从来不用,线下闲聊┋特殊场合（体育赛事、演唱会等）,有负面影响
174,2026/4/13 11:33:44,50秒,微信,N/A,202.175.67.51(澳门-未知),女,18～30岁,中国大陆,是,经常,经常刷/听到,经常刷/听到,经常刷/听到,经常刷/听到,没听过,经常刷/听到,经常刷/听到,短视频平台,从来不用,从来不用,从来不用,从来不用,从来不用,从来不用,从来不用,线上私聊（微信、QQ等）┋社交媒体互动（发帖、评论、转发等）,有负面影响
175,2026/4/13 11:36:12,51秒,微信,N/A,103.143.93.32(澳门-未知),女,18～30岁,中国大陆,是,经常,经常刷/听到,经常刷/听到,经常刷/听到,经常刷/听到,没听过,经常刷/听到,经常刷/听到,短视频平台┋社交软件┋新闻资讯┋日常交流┋综艺节目,经常会用,有时会用,从来不用,从来不用,从来不用,有时会用,经常会用,线下闲聊┋线上私聊（微信、QQ等）┋社交媒体互动（发帖、评论、转发等）,有积极影响
176,2026/4/13 11:36:53,43秒,微信,N/A,202.175.67.51(澳门-未知),女,18～30岁,中国大陆,是,经常,经常刷/听到,经常刷/听到,经常刷/听到,经常刷/听到,有印象,经常刷/听到,经常刷/听到,短视频平台┋社交软件┋日常交流,有时会用,从来不用,从来不用,有时会用,从来不用,经常会用,经常会用,游戏交流┋线下闲聊┋线上私聊（微信、QQ等）┋社交媒体互动（发帖、评论、转发等）,有负面影响
177,2026/4/13 11:37:30,82秒,微信,N/A,125.31.54.162(澳门-澳门半岛),女,18～30岁,中国大陆,是,经常,经常刷/听到,经常刷/听到,经常刷/听到,经常刷/听到,经常刷/听到,经常刷/听到,经常刷/听到,短视频平台┋社交软件,经常会用,从来不用,从来不用,有时会用,从来不用,从来不用,经常会用,线下闲聊┋线上私聊（微信、QQ等）,无影响
178,2026/4/13 11:37:52,66秒,微信,N/A,202.175.105.122(澳门-澳门半岛),女,18～30岁,港澳台地区,是,有时,经常刷/听到,经常刷/听到,经常刷/听到,经常刷/听到,经常刷/听到,经常刷/听到,经常刷/听到,短视频平台┋社交软件,经常会用,有时会用,有时会用,有时会用,从来不用,有时会用,经常会用,游戏交流┋线下闲聊┋线上私聊（微信、QQ等）,有积极影响
179,2026/4/13 11:37:52,62秒,微信,N/A,58.192.68.69(江苏-南京),男,18～30岁,中国大陆,否,几乎不,经常刷/听到,有印象,没听过,经常刷/听到,没听过,经常刷/听到,有印象,短视频平台┋社交软件┋日常交流,有时会用,从来不用,从来不用,有时会用,从来不用,有时会用,从来不用,游戏交流┋线下闲聊┋线上私聊（微信、QQ等）,无影响
180,2026/4/13 11:38:07,77秒,微信,N/A,125.31.54.90(澳门-澳门半岛),女,18～30岁,中国大陆,是,几乎不,经常刷/听到,有印象,没听过,有印象,没听过,经常刷/听到,经常刷/听到,社交软件┋日常交流,经常会用,从来不用,从来不用,从来不用,从来不用,从来不用,经常会用,线下闲聊┋线上私聊（微信、QQ等）┋社交媒体互动（发帖、评论、转发等）,有负面影响
181,2026/4/13 11:38:13,83秒,微信,N/A,125.31.54.167(澳门-澳门半岛),女,18～30岁,中国大陆,是,有时,经常刷/听到,经常刷/听到,经常刷/听到,经常刷/听到,没听过,经常刷/听到,经常刷/听到,社交软件┋日常交流,从来不用,有时会用,从来不用,从来不用,从来不用,有时会用,经常会用,线下闲聊┋线上私聊（微信、QQ等）,无影响
182,2026/4/13 11:38:47,37秒,微信,N/A,202.175.67.213(澳门-未知),女,18～30岁,中国大陆,是,有时,经常刷/听到,经常刷/听到,经常刷/听到,经常刷/听到,没听过,有印象,经常刷/听到,短视频平台┋社交软件,有时会用,从来不用,从来不用,有时会用,从来不用,从来不用,有时会用,特殊场合（体育赛事、演唱会等）,有积极影响
183,2026/4/13 11:40:01,37秒,微信,N/A,202.175.67.54(澳门-未知),女,18～30岁,港澳台地区,是,经常,经常刷/听到,经常刷/听到,经常刷/听到,经常刷/听到,有印象,经常刷/听到,经常刷/听到,短视频平台┋社交软件┋日常交流┋综艺节目,经常会用,有时会用,从来不用,有时会用,从来不用,从来不用,经常会用,游戏交流┋线下闲聊┋线上私聊（微信、QQ等）,无影响
184,2026/4/13 11:41:30,66秒,微信,N/A,58.192.68.17(江苏-南京),男,18～30岁,中国大陆,否,经常,经常刷/听到,经常刷/听到,经常刷/听到,经常刷/听到,没听过,经常刷/听到,经常刷/听到,社交软件,有时会用,从来不用,从来不用,经常会用,从来不用,从来不用,从来不用,线上私聊（微信、QQ等）,无影响
185,2026/4/13 11:43:20,44秒,微信,N/A,202.175.105.119(澳门-澳门半岛),男,18～30岁,中国大陆,是,有时,经常刷/听到,有印象,有印象,有印象,有印象,有印象,经常刷/听到,短视频平台┋社交软件┋日常交流,有时会用,从来不用,从来不用,从来不用,从来不用,从来不用,有时会用,线下闲聊┋线上私聊（微信、QQ等）,无影响
186,2026/4/13 11:43:32,58秒,微信,N/A,149.102.98.22(澳门-未知),男,18～30岁,港澳台地区,是,经常,经常刷/听到,经常刷/听到,有印象,有印象,没听过,有印象,有印象,短视频平台┋社交软件,有时会用,有时会用,有时会用,从来不用,从来不用,从来不用,有时会用,线下闲聊┋线上私聊（微信、QQ等）,无影响
187,2026/4/13 11:44:13,91秒,微信,N/A,223.104.69.27(广东-佛山),男,18～30岁,其他国家,否,几乎不,经常刷/听到,经常刷/听到,经常刷/听到,经常刷/听到,没听过,经常刷/听到,经常刷/听到,社交软件,经常会用,从来不用,从来不用,有时会用,从来不用,有时会用,有时会用,线上私聊（微信、QQ等）,无影响
188,2026/4/13 11:44:31,645秒,微信,N/A,183.9.226.19(广东-揭阳),女,18～30岁,港澳台地区,是,有时,有印象,没听过,没听过,没听过,没听过,没听过,没听过,短视频平台,从来不用,从来不用,从来不用,从来不用,从来不用,从来不用,从来不用,其他〖不用〗,无影响
189,2026/4/13 11:45:10,58秒,微信,N/A,112.96.86.212(广东-广州),女,18～30岁,港澳台地区,否,经常,经常刷/听到,经常刷/听到,经常刷/听到,经常刷/听到,经常刷/听到,经常刷/听到,经常刷/听到,日常交流┋综艺节目,经常会用,经常会用,经常会用,经常会用,经常会用,经常会用,经常会用,游戏交流┋线上私聊（微信、QQ等）,无影响
190,2026/4/13 11:47:51,142秒,微信,N/A,125.31.54.170(澳门-澳门半岛),女,18～30岁,港澳台地区,是,经常,没听过,有印象,没听过,没听过,没听过,有印象,有印象,短视频平台┋社交软件┋日常交流┋综艺节目,从来不用,从来不用,从来不用,从来不用,从来不用,从来不用,从来不用,线下闲聊┋线上私聊（微信、QQ等）┋社交媒体互动（发帖、评论、转发等）,有积极影响
191,2026/4/13 11:51:27,70秒,微信,N/A,149.102.98.28(澳门-未知),女,18～30岁,中国大陆,是,经常,经常刷/听到,经常刷/听到,经常刷/听到,经常刷/听到,有印象,经常刷/听到,经常刷/听到,短视频平台┋社交软件┋日常交流,有时会用,有时会用,从来不用,有时会用,从来不用,有时会用,有时会用,线下闲聊┋线上私聊（微信、QQ等）,无影响
192,2026/4/13 11:51:42,55秒,微信,N/A,202.175.105.115(澳门-澳门半岛),女,18～30岁,中国大陆,是,经常,经常刷/听到,经常刷/听到,经常刷/听到,经常刷/听到,没听过,经常刷/听到,经常刷/听到,短视频平台┋社交软件┋日常交流┋综艺节目,有时会用,有时会用,有时会用,有时会用,从来不用,经常会用,经常会用,游戏交流┋线下闲聊┋线上私聊（微信、QQ等）┋特殊场合（体育赛事、演唱会等）┋社交媒体互动（发帖、评论、转发等）,无影响
193,2026/4/13 11:57:48,46秒,微信,N/A,103.143.93.32(澳门-未知),女,18～30岁,中国大陆,是,几乎不,有印象,有印象,经常刷/听到,经常刷/听到,经常刷/听到,经常刷/听到,经常刷/听到,社交软件┋新闻资讯┋日常交流,从来不用,从来不用,从来不用,从来不用,从来不用,有时会用,从来不用,线下闲聊┋特殊场合（体育赛事、演唱会等）┋社交媒体互动（发帖、评论、转发等）,无影响
194,2026/4/13 11:57:57,44秒,微信,N/A,202.175.67.58(澳门-未知),女,18～30岁,中国大陆,是,经常,经常刷/听到,有印象,没听过,有印象,没听过,有印象,经常刷/听到,短视频平台┋社交软件┋日常交流┋综艺节目,经常会用,从来不用,从来不用,从来不用,从来不用,从来不用,有时会用,线下闲聊┋线上私聊（微信、QQ等）┋社交媒体互动（发帖、评论、转发等）,有积极影响
195,2026/4/13 11:58:03,37秒,微信,N/A,149.102.98.55(澳门-未知),女,18～30岁,中国大陆,是,有时,经常刷/听到,经常刷/听到,经常刷/听到,经常刷/听到,经常刷/听到,经常刷/听到,经常刷/听到,短视频平台┋社交软件┋日常交流,经常会用,经常会用,有时会用,有时会用,有时会用,有时会用,经常会用,工作沟通┋游戏交流┋线下闲聊┋线上私聊（微信、QQ等）┋社交媒体互动（发帖、评论、转发等）,有积极影响
196,2026/4/13 11:58:55,45秒,微信,N/A,159.26.115.134(国外-美国),女,18～30岁,港澳台地区,是,经常,经常刷/听到,经常刷/听到,经常刷/听到,经常刷/听到,经常刷/听到,经常刷/听到,经常刷/听到,短视频平台┋日常交流,经常会用,经常会用,经常会用,从来不用,从来不用,有时会用,经常会用,线上私聊（微信、QQ等）┋社交媒体互动（发帖、评论、转发等）,有积极影响
197,2026/4/13 12:05:45,39秒,微信,N/A,111.32.91.116(天津-天津),女,18～30岁,中国大陆,否,有时,经常刷/听到,经常刷/听到,经常刷/听到,有印象,没听过,经常刷/听到,经常刷/听到,短视频平台┋社交软件┋日常交流,经常会用,从来不用,从来不用,从来不用,从来不用,从来不用,从来不用,线下闲聊┋线上私聊（微信、QQ等）┋社交媒体互动（发帖、评论、转发等）,有积极影响
198,2026/4/13 12:08:39,43秒,微信,N/A,121.236.217.151(江苏-苏州),男,18～30岁,中国大陆,否,经常,有印象,有印象,有印象,有印象,没听过,有印象,有印象,短视频平台┋社交软件┋新闻资讯,经常会用,从来不用,从来不用,有时会用,从来不用,有时会用,从来不用,工作沟通┋游戏交流┋线下闲聊,无影响
199,2026/4/13 12:11:05,49秒,微信,N/A,125.31.54.84(澳门-澳门半岛),男,18～30岁,中国大陆,是,经常,经常刷/听到,经常刷/听到,经常刷/听到,经常刷/听到,经常刷/听到,经常刷/听到,经常刷/听到,短视频平台┋社交软件┋日常交流,有时会用,有时会用,有时会用,经常会用,从来不用,有时会用,从来不用,游戏交流┋线下闲聊┋线上私聊（微信、QQ等）,无影响
200,2026/4/13 12:11:47,160秒,微信,N/A,223.104.194.108(山东-济南),男,30岁以上,中国大陆,否,有时,没听过,没听过,没听过,没听过,没听过,没听过,没听过,短视频平台┋社交软件┋新闻资讯┋日常交流┋综艺节目,从来不用,从来不用,从来不用,从来不用,从来不用,从来不用,从来不用,社交媒体互动（发帖、评论、转发等）,有积极影响
201,2026/4/13 12:12:56,44秒,微信,N/A,103.143.92.79(澳门-未知),女,18～30岁,中国大陆,是,经常,经常刷/听到,经常刷/听到,经常刷/听到,经常刷/听到,没听过,经常刷/听到,经常刷/听到,短视频平台┋社交软件┋日常交流,有时会用,从来不用,从来不用,经常会用,从来不用,从来不用,经常会用,线下闲聊┋线上私聊（微信、QQ等）┋社交媒体互动（发帖、评论、转发等）,无影响
202,2026/4/13 12:18:54,36秒,微信,N/A,202.175.67.57(澳门-未知),男,18～30岁,港澳台地区,是,经常,经常刷/听到,经常刷/听到,经常刷/听到,经常刷/听到,没听过,经常刷/听到,经常刷/听到,短视频平台┋社交软件┋新闻资讯┋日常交流,经常会用,从来不用,从来不用,从来不用,从来不用,从来不用,有时会用,游戏交流┋线下闲聊┋线上私聊（微信、QQ等）,有积极影响
203,2026/4/13 12:27:54,55秒,微信,N/A,125.31.54.91(澳门-澳门半岛),男,18～30岁,中国大陆,是,经常,没听过,有印象,有印象,没听过,没听过,有印象,有印象,短视频平台┋社交软件,有时会用,从来不用,从来不用,从来不用,从来不用,有时会用,有时会用,线上私聊（微信、QQ等）,无影响
204,2026/4/13 12:43:38,50秒,微信,N/A,125.31.54.162(澳门-澳门半岛),女,18～30岁,中国大陆,是,经常,经常刷/听到,经常刷/听到,经常刷/听到,经常刷/听到,经常刷/听到,经常刷/听到,经常刷/听到,短视频平台┋社交软件┋日常交流┋其他,经常会用,从来不用,从来不用,从来不用,从来不用,经常会用,经常会用,线下闲聊┋线上私聊（微信、QQ等）,无影响
205,2026/4/13 12:59:15,63秒,微信,N/A,182.93.57.139(澳门-未知),女,18～30岁,中国大陆,是,经常,经常刷/听到,经常刷/听到,经常刷/听到,经常刷/听到,有印象,经常刷/听到,经常刷/听到,短视频平台┋社交软件┋日常交流,经常会用,有时会用,从来不用,从来不用,从来不用,有时会用,经常会用,游戏交流┋线下闲聊┋线上私聊（微信、QQ等）,有积极影响
206,2026/4/13 13:05:51,69秒,微信,N/A,113.52.91.71(澳门-未知),男,30岁以上,港澳台地区,是,有时,没听过,没听过,没听过,没听过,没听过,没听过,有印象,短视频平台┋社交软件┋日常交流┋综艺节目,从来不用,从来不用,从来不用,从来不用,从来不用,从来不用,有时会用,工作沟通┋线下闲聊┋线上私聊（微信、QQ等）,无影响
207,2026/4/13 13:12:12,70秒,微信,N/A,202.175.67.54(澳门-未知),女,18～30岁,中国大陆,是,经常,经常刷/听到,经常刷/听到,有印象,有印象,有印象,有印象,经常刷/听到,短视频平台,有时会用,从来不用,从来不用,从来不用,从来不用,从来不用,经常会用,线下闲聊┋线上私聊（微信、QQ等）,无影响